12345,5kg,filters
12345,5kg,filters
12345,5kg,filters
12345,5kg,Filters
12345,5kg,Filters
12345,5kg,Filters
12345,5kg,Filters
12345,5kg,Filters
12345,5kg,Filters
23456,5kg,Filters
66324,5kg,Automobil_parts
98432,5kg,Cargo_containeer
96355,5kg,Filters
86643,5kg,Automobil_parts
53463,5kg,Cargo_containeer
83722,5kg,Filters
64326,5kg,Automobil_parts
87653,5kg,Cargo_containeer
23456,5kg,Filters
66324,5kg,Automobil_parts
98432,5kg,Cargo_containeer
96355,5kg,Filters
86643,5kg,Automobil_parts
53463,5kg,Cargo_containeer
83722,5kg,Filters
64326,5kg,Automobil_parts
87653,5kg,Cargo_containeer
23456,5kg,Filters
66324,5kg,Automobil_parts
98432,5kg,Cargo_containeer
96355,5kg,Filters
86643,5kg,Automobil_parts
53463,5kg,Cargo_containeer
83722,5kg,Filters
64326,5kg,Automobil_parts
87653,5kg,Cargo_containeer
23456,5kg,Filters
66324,5kg,Automobil_parts
98432,5kg,Cargo_containeer
96355,5kg,Filters
86643,5kg,Automobil_parts
53463,5kg,Cargo_containeer
83722,5kg,Filters
64326,5kg,Automobil_parts
87653,5kg,Cargo_containeer
23456,5kg,Filters
66324,5kg,Automobil_parts
98432,5kg,Cargo_containeer
96355,5kg,Filters
86643,5kg,Automobil_parts
53463,5kg,Cargo_containeer
83722,5kg,Filters
64326,5kg,Automobil_parts
87653,5kg,Cargo_containeer
23456,5kg,Filters
66324,5kg,Automobil_parts
98432,5kg,Cargo_containeer
96355,5kg,Filters
86643,5kg,Automobil_parts
53463,5kg,Cargo_containeer
83722,5kg,Filters
64326,5kg,Automobil_parts
87653,5kg,Cargo_containeer
23456,5kg,Filters
66324,5kg,Automobil_parts
98432,5kg,Cargo_containeer
96355,5kg,Filters
86643,5kg,Automobil_parts
53463,5kg,Cargo_containeer
83722,5kg,Filters
64326,5kg,Automobil_parts
87653,5kg,Cargo_containeer
